stock,sector,score,rank,sector_rank
FCX,materials,1.0,1,1
MRNA,healthcare,0.9939393939393939,2,1
GOOG,software_internet,0.9878787878787879,3,1
TSLA,consumer_discretionary,0.9818181818181818,4,1
DPZ,consumer_discretionary,0.9757575757575757,5,2
CME,financials,0.9696969696969697,6,1
BKNG,consumer_discretionary,0.9636363636363636,7,3
AMAT,semis_hardware,0.9575757575757575,8,1
PLTR,software_internet,0.9515151515151515,9,2
ADBE,software_internet,0.9454545454545454,10,3
SHOP,software_internet,0.9393939393939394,11,4
ON,semis_hardware,0.9333333333333333,12,2
KLAC,semis_hardware,0.9272727272727272,13,3
NOW,software_internet,0.9212121212121213,14,5
DELL,semis_hardware,0.9151515151515152,15,4
AVGO,semis_hardware,0.9090909090909091,16,5
AMZN,software_internet,0.9030303030303031,17,6
ETN,industrials_defense,0.896969696969697,18,1
PANW,software_internet,0.8909090909090909,19,7
META,software_internet,0.8848484848484849,20,8
TJX,consumer_discretionary,0.8787878787878788,21,4
QCOM,semis_hardware,0.8727272727272727,22,6
CRWD,software_internet,0.8666666666666667,23,9
INTC,semis_hardware,0.8606060606060606,24,7
MU,semis_hardware,0.8545454545454545,25,8
NEM,materials,0.8484848484848485,26,2
SYK,healthcare,0.8424242424242424,27,2
RCL,consumer_discretionary,0.8363636363636363,28,5
DD,materials,0.8303030303030303,29,3
NET,software_internet,0.8242424242424242,30,10
MPC,energy,0.8181818181818182,31,1
DDOG,software_internet,0.8121212121212121,32,11
VLO,energy,0.806060606060606,33,2
ORCL,software_internet,0.8,34,12
CRM,software_internet,0.793939393939394,35,13
LRCX,semis_hardware,0.7878787878787878,36,9
DOW,materials,0.7818181818181819,37,4
AMD,semis_hardware,0.7757575757575758,38,10
PSX,energy,0.7696969696969697,39,3
SNOW,software_internet,0.7636363636363637,40,14
NXPI,semis_hardware,0.7575757575757576,41,11
TXN,semis_hardware,0.7515151515151515,42,12
ABNB,software_internet,0.7454545454545455,43,15
WMB,energy,0.7363636363636363,44,4
KMI,energy,0.7363636363636363,45,5
HAL,energy,0.7272727272727273,46,6
LLY,healthcare,0.7212121212121212,47,3
YUM,consumer_discretionary,0.7151515151515152,48,6
GM,consumer_discretionary,0.7090909090909091,49,7
ISRG,healthcare,0.703030303030303,50,4
HPQ,semis_hardware,0.696969696969697,51,13
INTU,software_internet,0.6909090909090909,52,16
NUE,materials,0.6848484848484848,53,5
SHW,materials,0.6787878787878788,54,6
SLB,energy,0.6727272727272727,55,7
NFLX,software_internet,0.6666666666666666,56,17
F,consumer_discretionary,0.6606060606060606,57,8
BSX,healthcare,0.6545454545454545,58,5
EQIX,utilities_reits_telecom,0.6484848484848484,59,1
JNJ,healthcare,0.6424242424242425,60,6
CVS,healthcare,0.6363636363636364,61,7
AMGN,healthcare,0.6303030303030303,62,8
APD,materials,0.6242424242424243,63,7
ROST,consumer_discretionary,0.6181818181818182,64,9
PSA,utilities_reits_telecom,0.6121212121212121,65,2
FANG,energy,0.6060606060606061,66,8
DIS,consumer_discretionary,0.6,67,10
GS,financials,0.593939393939394,68,2
CARR,industrials_defense,0.5878787878787879,69,2
DVN,energy,0.5818181818181818,70,9
LIN,materials,0.5757575757575758,71,8
MAR,consumer_discretionary,0.5696969696969697,72,11
NKE,consumer_discretionary,0.5636363636363636,73,12
CCI,utilities_reits_telecom,0.5575757575757576,74,3
EOG,energy,0.5515151515151515,75,10
OXY,energy,0.5454545454545454,76,11
SBUX,consumer_discretionary,0.5393939393939394,77,13
HD,consumer_discretionary,0.5333333333333333,78,14
ECL,materials,0.5272727272727272,79,9
CMG,consumer_discretionary,0.5212121212121212,80,15
BA,industrials_defense,0.5151515151515151,81,3
COP,energy,0.509090909090909,82,12
MCD,consumer_discretionary,0.503030303030303,83,16
TMUS,utilities_reits_telecom,0.49696969696969695,84,4
CI,healthcare,0.4909090909090909,85,9
TGT,consumer_discretionary,0.48484848484848486,86,17
MRVL,semis_hardware,0.47878787878787876,87,14
LOW,consumer_discretionary,0.4727272727272727,88,18
PLD,utilities_reits_telecom,0.4666666666666667,89,5
XOM,energy,0.46060606060606063,90,13
REGN,healthcare,0.45454545454545453,91,10
CVX,energy,0.4484848484848485,92,14
NVDA,semis_hardware,0.44242424242424244,93,15
VRTX,healthcare,0.43636363636363634,94,11
MRK,healthcare,0.4303030303030303,95,12
ZTS,healthcare,0.42424242424242425,96,13
CAT,industrials_defense,0.41818181818181815,97,4
EMR,industrials_defense,0.4121212121212121,98,5
MS,financials,0.40606060606060607,99,3
COST,consumer_staples,0.4,100,1
AAPL,semis_hardware,0.3939393939393939,101,16
BAC,financials,0.3878787878787879,102,4
UNH,healthcare,0.38181818181818183,103,14
COF,financials,0.37575757575757573,104,5
BLK,financials,0.3696969696969697,105,6
BMY,healthcare,0.36363636363636365,106,15
GE,industrials_defense,0.3575757575757576,107,6
C,financials,0.3515151515151515,108,7
MSFT,software_internet,0.34545454545454546,109,18
AMT,utilities_reits_telecom,0.3393939393939394,110,6
ADI,semis_hardware,0.3333333333333333,111,17
NOC,industrials_defense,0.32727272727272727,112,7
MDT,healthcare,0.3212121212121212,113,16
ABBV,healthcare,0.3151515151515151,114,17
KMB,consumer_staples,0.3090909090909091,115,2
T,utilities_reits_telecom,0.30303030303030304,116,7
KR,consumer_staples,0.296969696969697,117,3
V,financials,0.2909090909090909,118,8
AXP,financials,0.28484848484848485,119,9
GILD,healthcare,0.2787878787878788,120,18
GIS,consumer_staples,0.2727272727272727,121,4
CL,consumer_staples,0.26666666666666666,122,5
STZ,consumer_staples,0.2606060606060606,123,6
EXC,utilities_reits_telecom,0.2545454545454545,124,8
UPS,industrials_defense,0.24848484848484848,125,8
WMT,consumer_staples,0.24242424242424243,126,7
PEP,consumer_staples,0.23636363636363636,127,8
UBER,software_internet,0.23030303030303031,128,19
PG,consumer_staples,0.22424242424242424,129,9
PM,consumer_staples,0.21818181818181817,130,10
PFE,healthcare,0.21212121212121213,131,19
JPM,financials,0.20606060606060606,132,10
SRE,utilities_reits_telecom,0.2,133,9
USB,financials,0.19393939393939394,134,11
HON,industrials_defense,0.18787878787878787,135,9
SPG,utilities_reits_telecom,0.18181818181818182,136,10
SCHW,financials,0.17575757575757575,137,12
CB,financials,0.1696969696969697,138,13
SYY,consumer_staples,0.16363636363636364,139,11
AEP,utilities_reits_telecom,0.15757575757575756,140,11
FDX,industrials_defense,0.15151515151515152,141,10
MET,financials,0.14545454545454545,142,14
DE,industrials_defense,0.1393939393939394,143,11
WFC,financials,0.13333333333333333,144,15
UNP,industrials_defense,0.12727272727272726,145,12
VZ,utilities_reits_telecom,0.12121212121212122,146,12
GD,industrials_defense,0.11515151515151516,147,13
ITW,industrials_defense,0.10909090909090909,148,14
KO,consumer_staples,0.10303030303030303,149,12
PNC,financials,0.09696969696969697,150,16
PGR,financials,0.09090909090909091,151,17
D,utilities_reits_telecom,0.08484848484848485,152,13
SO,utilities_reits_telecom,0.07878787878787878,153,14
NEE,utilities_reits_telecom,0.07272727272727272,154,15
MA,financials,0.06666666666666667,155,18
CSX,industrials_defense,0.06060606060606061,156,15
RTX,industrials_defense,0.05454545454545454,157,16
AIG,financials,0.048484848484848485,158,19
PCAR,industrials_defense,0.04242424242424243,159,17
MDLZ,consumer_staples,0.03636363636363636,160,13
MMM,industrials_defense,0.030303030303030304,161,18
MO,consumer_staples,0.024242424242424242,162,14
DUK,utilities_reits_telecom,0.01818181818181818,163,16
LMT,industrials_defense,0.012121212121212121,164,19
O,utilities_reits_telecom,0.006060606060606061,165,17
