stock,predicted_return,rank
INTC,0.020528305,1
SNOW,0.019762732,2
RKLB,0.01378094,3
DELL,0.012762069,4
UPST,0.012431618,5
NET,0.012375647,6
ZS,0.010258907,7
ON,0.009639161,8
AI,0.008894815,9
LYFT,0.007937237,10
MSTR,0.005742145,11
OKTA,0.0029859724,12
TENB,0.0029859724,13
MCHP,0.002927795,14
HPE,0.002927795,15
DDOG,0.002871824,16
PANW,0.002871824,17
DASH,0.002871824,18
CRM,0.002871824,19
ORCL,0.002871824,20
PLTR,0.002871824,21
NXPI,0.0028295931,22
VRNS,0.0024992102,23
CSCO,0.0024569794,24
ABNB,0.002401009,25
RTX,0.002401009,26
QCOM,0.002401009,27
NVDA,0.002401009,28
CHKP,0.002401009,29
FTNT,0.0020283947,30
UBER,0.0020283947,31
PSTG,0.0020283947,32
TXT,0.0020283947,33
PYPL,0.0020283947,34
AMZN,-0.0011606218,35
LRCX,-0.0016702592,36
COIN,-0.0018709785,37
BA,-0.0020988437,38
IBM,-0.0073284083,39
ADBE,-0.007870224,40
AAPL,-0.010837633,41
AMD,-0.013777314,42
GOOG,-0.016609015,43
MSFT,-0.016609015,44
MU,-0.016637128,45
LMT,-0.017933516,46
NOC,-0.017933516,47
GD,-0.017933516,48
HII,-0.017933516,49
META,-0.018319735,50
CRWD,-0.018319735,51
AVGO,-0.020277439,52
SSNLF,-0.09849087,53
